{
  "properties": {
    "connectionReferences": {
      "shared_commondataserviceforapps": {
        "runtimeSource": "embedded",
        "connection": {
          "connectionReferenceLogicalName": "gppb_sharedcommondataserviceforapps_e2b96"
        },
        "api": {
          "name": "shared_commondataserviceforapps"
        }
      }
    },
    "definition": {
      "$schema": "https://schema.management.azure.com/providers/Microsoft.Logic/schemas/2016-06-01/workflowdefinition.json#",
      "contentVersion": "1.0.0.0",
      "parameters": {
        "$connections": {
          "defaultValue": {},
          "type": "Object"
        },
        "$authentication": {
          "defaultValue": {},
          "type": "SecureObject"
        }
      },
      "triggers": {
        "When_a_Sentence_is_added_or_modified": {
          "metadata": {
            "operationMetadataId": "c28369b4-c2a0-4aff-a613-77eee2e11d46"
          },
          "type": "OpenApiConnectionWebhook",
          "inputs": {
            "host": {
              "connectionName": "shared_commondataserviceforapps",
              "operationId": "SubscribeWebhookTrigger",
              "apiId": "/providers/Microsoft.PowerApps/apis/shared_commondataserviceforapps"
            },
            "parameters": {
              "subscriptionRequest/message": 4,
              "subscriptionRequest/entityname": "gppb_sentence",
              "subscriptionRequest/scope": 4,
              "subscriptionRequest/filteringattributes": "gppb_text",
              "subscriptionRequest/filterexpression": "gppb_text ne null"
            },
            "authentication": "@parameters('$authentication')"
          }
        }
      },
      "actions": {
        "Analyze_positive_or_negative_sentiment_in_text": {
          "runAfter": {},
          "metadata": {
            "operationMetadataId": "ef2653cb-c7ba-4388-8255-c05ca0c2a367"
          },
          "type": "OpenApiConnection",
          "inputs": {
            "host": {
              "connectionName": "shared_commondataserviceforapps",
              "operationId": "aibuilderpredict_sentimentanalysis",
              "apiId": "/providers/Microsoft.PowerApps/apis/shared_commondataserviceforapps"
            },
            "parameters": {
              "item/requestv2/language": "en",
              "item/requestv2/text": "@triggerOutputs()?['body/gppb_text']"
            },
            "authentication": "@parameters('$authentication')"
          }
        },
        "Update_sentence_with_sentiments": {
          "runAfter": {
            "Analyze_positive_or_negative_sentiment_in_text": [
              "Succeeded"
            ]
          },
          "metadata": {
            "operationMetadataId": "2a5b2167-fee6-42d1-a2f9-6f73c06b34b7"
          },
          "type": "OpenApiConnection",
          "inputs": {
            "host": {
              "connectionName": "shared_commondataserviceforapps",
              "operationId": "UpdateRecord",
              "apiId": "/providers/Microsoft.PowerApps/apis/shared_commondataserviceforapps"
            },
            "parameters": {
              "entityName": "gppb_sentences",
              "recordId": "@triggerOutputs()?['body/gppb_sentenceid']",
              "item/gppb_negativescore": "@outputs('Analyze_positive_or_negative_sentiment_in_text')?['body/responsev2/predictionOutput/result/documentScores/negative']",
              "item/gppb_neutralscore": "@outputs('Analyze_positive_or_negative_sentiment_in_text')?['body/responsev2/predictionOutput/result/documentScores/neutral']",
              "item/gppb_overallsentiment": "@outputs('Analyze_positive_or_negative_sentiment_in_text')?['body/responsev2/predictionOutput/result/sentiment']",
              "item/gppb_score": "@outputs('Analyze_positive_or_negative_sentiment_in_text')?['body/responsev2/predictionOutput/result/documentScores/positive']"
            },
            "authentication": "@parameters('$authentication')"
          }
        }
      }
    },
    "templateName": null
  },
  "schemaVersion": "1.0.0.0"
}