{
  "properties": {
    "connectionReferences": {
      "shared_commondataserviceforapps_2": {
        "runtimeSource": "embedded",
        "connection": {
          "connectionReferenceLogicalName": "gppb_GPPB2023MSDataverse"
        },
        "api": {
          "name": "shared_commondataserviceforapps"
        }
      }
    },
    "definition": {
      "$schema": "https://schema.management.azure.com/providers/Microsoft.Logic/schemas/2016-06-01/workflowdefinition.json#",
      "contentVersion": "1.0.0.0",
      "parameters": {
        "$connections": {
          "defaultValue": {},
          "type": "Object"
        },
        "$authentication": {
          "defaultValue": {},
          "type": "SecureObject"
        }
      },
      "triggers": {
        "When_a_Sentence_is_added_or__modified": {
          "metadata": {
            "operationMetadataId": "a8ae557f-de13-40c3-ad97-1ba82c7c200d"
          },
          "type": "OpenApiConnectionWebhook",
          "inputs": {
            "host": {
              "connectionName": "shared_commondataserviceforapps_2",
              "operationId": "SubscribeWebhookTrigger",
              "apiId": "/providers/Microsoft.PowerApps/apis/shared_commondataserviceforapps"
            },
            "parameters": {
              "subscriptionRequest/message": 4,
              "subscriptionRequest/entityname": "gppb_sentence",
              "subscriptionRequest/scope": 4,
              "subscriptionRequest/filteringattributes": "gppb_text",
              "subscriptionRequest/filterexpression": "gppb_text ne null",
              "subscriptionRequest/runas": 1
            },
            "authentication": "@parameters('$authentication')"
          }
        }
      },
      "actions": {
        "Analyze_positive_or_negative_sentiment": {
          "runAfter": {},
          "metadata": {
            "operationMetadataId": "6c8ff10a-a0be-42c3-9ae4-b14d619b188d",
            "flowSystemMetadata": {
              "portalOperationId": "aibuilderpredict_sentimentanalysis",
              "portalOperationGroup": "aibuilder",
              "portalOperationApiDisplayNameOverride": "AI Builder",
              "portalOperationIconOverride": "https://content.powerapps.com/resource/makerx/static/pauto/images/designeroperations/aiBuilderNew.51dbdb6b.png",
              "portalOperationBrandColorOverride": "#0A76C4",
              "portalOperationApiTierOverride": "Standard"
            }
          },
          "type": "OpenApiConnection",
          "inputs": {
            "host": {
              "connectionName": "shared_commondataserviceforapps_2",
              "operationId": "aibuilderpredict_sentimentanalysis",
              "apiId": "/providers/Microsoft.PowerApps/apis/shared_commondataserviceforapps"
            },
            "parameters": {
              "item/requestv2/language": "en",
              "item/requestv2/text": "@triggerOutputs()?['body/gppb_text']"
            },
            "authentication": "@parameters('$authentication')"
          }
        },
        "Update_sentiment_analysis_detail": {
          "runAfter": {
            "Analyze_positive_or_negative_sentiment": [
              "Succeeded"
            ]
          },
          "metadata": {
            "operationMetadataId": "5f5640e7-9471-43e5-b071-518b250961ca"
          },
          "type": "OpenApiConnection",
          "inputs": {
            "host": {
              "connectionName": "shared_commondataserviceforapps_2",
              "operationId": "UpdateRecord",
              "apiId": "/providers/Microsoft.PowerApps/apis/shared_commondataserviceforapps"
            },
            "parameters": {
              "entityName": "gppb_sentences",
              "recordId": "@triggerOutputs()?['body/gppb_sentenceid']",
              "item/gppb_negativescore": "@outputs('Analyze_positive_or_negative_sentiment')?['body/responsev2/predictionOutput/result/documentScores/negative']",
              "item/gppb_neutralscore": "@outputs('Analyze_positive_or_negative_sentiment')?['body/responsev2/predictionOutput/result/documentScores/neutral']",
              "item/gppb_overallsentiment": "@outputs('Analyze_positive_or_negative_sentiment')?['body/responsev2/predictionOutput/result/sentiment']",
              "item/gppb_score": "@outputs('Analyze_positive_or_negative_sentiment')?['body/responsev2/predictionOutput/result/documentScores/positive']"
            },
            "authentication": "@parameters('$authentication')"
          }
        }
      },
      "outputs": {}
    },
    "templateName": "97fc535b0dcd467c9f04f5e1e6b9351b"
  },
  "schemaVersion": "1.0.0.0"
}